{"count":1,"gauges":{},"self":0.94818189999999991,"total":7.0125714,"children":{"AgentResetIfDone":{"count":284,"self":0.0031263999999999997,"total":0.0031263999999999997,"children":null},"AgentSendState":{"count":284,"self":0.0204962,"total":2.1594167,"children":{"CollectObservations":{"count":284,"self":0.0062042,"total":0.0062042,"children":null},"AgentInfo.ToProto":{"count":284,"self":0.0147294,"total":2.1327163,"children":{"GenerateSensorData":{"count":284,"self":0.34726219999999997,"total":2.1179869,"children":{"CameraSensor.GetCompressedObservation":{"count":284,"self":1.7707248,"total":1.7707247,"children":null}}}}}}},"DecideAction":{"count":284,"self":3.8868595999999997,"total":3.8868597,"children":null},"AgentAct":{"count":284,"self":0.0119838,"total":0.0119838,"children":null}}}